Запрос,Источник,Домен
Общие,Yandex,bolshoyvopros.ru
Общие,Yandex,gramota.ru
Общие,Yandex,translate.ru
Общие,Yandex,kartaslov.ru
Общие,Yandex,dic.academic.ru
Общие,Yandex,sanstv.ru
Общие,Yandex,herzena.ru
Общие,Yandex,tune.yandex.ru
Общие,Yandex,yandex.ru
Общие,Google,yandex.ru
Общие,Google,raiffeisen.ru
Общие,Google,minstroyrf.gov.ru
Общие,Google,consultant.ru
Общие,Google,rencredit.ru
Общие,Google,rsl.ru
Общие,Google,volhovec.ru
Общие,Google,minstroyrf.ru
Общие,Google,ifap.ru
Общие,Google,osu.ru
Общие,Google,government.ru
Общие,Google,nac.gov.ru
Общие,Google,about.sfu-kras.ru
Общие,Google,sovcombank.ru
Общие,Google,22.mchs.gov.ru
Общие,Google,cfo-russia.ru
ОВОС,Yandex,yabs.yandex.ru
ОВОС,Yandex,evidpo.ru
ОВОС,Yandex,ecopromcentr.ru
ОВОС,Yandex,ee-gr.ru
ОВОС,Yandex,consultant.ru
ОВОС,Yandex,ecostandardgroup.ru
ОВОС,Yandex,ecoev.ru
ОВОС,Yandex,glavgp.ru
ОВОС,Google,o-v-o-s.ru
ОВОС,Google,geoexpert-msk.ru
ОВОС,Google,prommash-test.ru
ОВОС,Google,ecopromcentr.ru
ОВОС,Google,consultant.ru
ОВОС,Google,rpn.gov.ru
ОВОС,Google,togudv.ru
ОВОС,Google,asergroup.ru
ОВОС,Google,vlc.ru
ОВОС,Google,ecoev.ru
ОВОС,Google,fcao.ru
ОВОС,Google,ecorf.ru
ОВОС,Google,eco.tatarstan.ru
ОВОС,Google,docs.cntd.ru
ОВОС,Google,norao.ru
ОВОС,Google,sibecopartner.ru
ОВОС,Google,ineca.ru
ОВОС,Google,flor-eco.ru
ОВОС,Google,ecolusspb.ru
ОВОС,Google,sbor.ru
ОВОС,Google,ecology.aonb.ru
ОВОС,Google,ecocentrp.ru
ОВОС,Google,clati.ru
ОВОС,Google,serconsrus.ru
ОВОС,Google,shhyolkovo.ru
СЗЗ,Yandex,yabs.yandex.ru
СЗЗ,Yandex,14.rospotrebnadzor.ru
СЗЗ,Yandex,base.garant.ru
СЗЗ,Yandex,shaneco.ru
СЗЗ,Yandex,ecostandardgroup.ru
СЗЗ,Yandex,epp.genproc.gov.ru
СЗЗ,Yandex,ecopromcentr.ru
СЗЗ,Yandex,gusn.mosreg.ru
СЗЗ,Yandex,glavrp.ru
СЗЗ,Yandex,profiz.ru
СЗЗ,Google,gosuslugi.ru
СЗЗ,Google,vashecolog.ru
СЗЗ,Google,geoexpert-msk.ru
СЗЗ,Google,journal.ecostandard.ru
СЗЗ,Google,integral.ru
СЗЗ,Google,mosoblarh.mosreg.ru
СЗЗ,Google,epp.genproc.gov.ru
СЗЗ,Google,cgon.rospotrebnadzor.ru
СЗЗ,Google,ecopromcentr.ru
СЗЗ,Google,ipk-integral.ru
СЗЗ,Google,ecostandardgroup.ru
СЗЗ,Google,77.rospotrebnadzor.ru
СЗЗ,Google,prommash-test.ru
СЗЗ,Google,smi.cntd.ru
СЗЗ,Google,ecolusspb.ru
СЗЗ,Google,texoboronexpert.ru
СЗЗ,Google,sangik.ru
СЗЗ,Google,base.garant.ru
СЗЗ,Google,kvadriga-eco.ru
СЗЗ,Google,corconsult.ru
СЗЗ,Google,ecobez.ru
СЗЗ,Google,serconsrus.ru
СЗЗ,Google,garant.ru
СЗЗ,Google,geo-global.ru
СЗЗ,Google,profiz.ru
СЗЗ,Google,itecompany.ru
СЗЗ,Google,ecotrend-spb.ru
СЗЗ,Google,kubaneco.ru
СЗЗ,Google,srg-eco.ru
СЗЗ,Google,consultant.ru
СЗЗ,Google,asergroup.ru
СЗЗ,Google,systemaeco.ru
СЗЗ,Google,urpngt.rospotrebnadzor.ru
СЗЗ,Google,26.rospotrebnadzor.ru
СЗЗ,Google,ecocentrp.ru
СЗЗ,Google,69.rospotrebnadzor.ru
СЗЗ,Google,triadacompany.ru
СЗЗ,Google,docs.cntd.ru
ПДВ,Yandex,yabs.yandex.ru
ПДВ,Yandex,gklab.ru
ПДВ,Yandex,ekologicheskie-uslugi.ru
ПДВ,Yandex,texoboronexpert.ru
ПДВ,Yandex,evidpo.ru
ПДВ,Yandex,bpeco.ru
ПДВ,Yandex,serconsrus.ru
ПДВ,Yandex,ecopromcentr.ru
ПДВ,Yandex,maisky.gov-expertiza.ru
ПДВ,Yandex,ecolusspb.ru
ПДВ,Yandex,tune.yandex.ru
ПДВ,Yandex,yandex.ru
ПДВ,Google,ventinform.ru
ПДВ,Google,ekosf.ru
ПДВ,Google,plazma-t.ru
ПДВ,Google,integral.ru
ПДВ,Google,rielta.ru
ПДВ,Google,ecolusspb.ru
ПДВ,Google,sangik.ru
ПДВ,Google,fcao.ru
ПДВ,Google,vashecolog.ru
ПДВ,Google,texoboronexpert.ru
ПДВ,Google,irkutsk.leroymerlin.ru
ПДВ,Google,rimos.ru
ПДВ,Google,kubaneco.ru
ПДВ,Google,ecopromcentr.ru
ПДВ,Google,journal.ecostandard.ru
ПДВ,Google,bvm-privod.ru
ПДВ,Google,tss-group.ru
ПДВ,Google,clif.ru
ПДВ,Google,do.gosuslugi.ru
ПДВ,Google,99-t.ru
ПДВ,Google,green-armor.ru
ПДВ,Google,semz.ru
ПДВ,Google,riopak.ru
ПДВ,Google,microfor.ru
ПДВ,Google,ruspromexpert.ru
ПДВ,Google,flor-eco.ru
ПДВ,Google,ulyanovsk.hh.ru
ПДВ,Google,magazinlab.ru
ПДВ,Google,ampika.ru
НДВ,Yandex,yabs.yandex.ru
НДВ,Yandex,ndv.ru
НДВ,Yandex,realty.yandex.ru
НДВ,Yandex,cian.ru
НДВ,Yandex,yandex.ru
НДВ,Yandex,novostroev.ru
НДВ,Yandex,zoon.ru
НДВ,Google,ndv.ru
НДВ,Google,journal.ecostandard.ru
НДВ,Google,hms-livgidromash.ru
НДВ,Google,ecopromcentr.ru
НДВ,Google,ndvgroup.ru
НДВ,Google,sbso78.ru
НДВ,Google,skazka-ndv.ru
НДВ,Google,sangik.ru
НДВ,Google,hh.ru
НДВ,Google,ndv.ms11.ru
НДВ,Google,kvadriga-eco.ru
НДВ,Google,itecompany.ru
НДВ,Google,vashecolog.ru
НДВ,Google,ecocentrp.ru
НДВ,Google,novostroy-m.ru
НДВ,Google,rt-solar.ru
НДВ,Google,rpn.gov.ru
НДВ,Google,ecostandardgroup.ru
НДВ,Google,ipk-integral.ru
НДВ,Google,2gis.ru
НДВ,Google,ecolusspb.ru
НДВ,Google,yandex.ru
НДВ,Google,pps.ru
НДВ,Google,insteco.ru
НДВ,Google,systemaeco.ru
НДВ,Google,kambvu.ru
НДВ,Google,enbvu.ru
НДВ,Google,fpieco.ru
НДВ,Google,profiz.ru
НДВ,Google,nord-west-water.ru
НДВ,Google,cnews.ru
НДВ,Google,cryptocom.ru
НДВ,Google,rusprofile.ru
ПНООЛР,Yandex,yabs.yandex.ru
ПНООЛР,Yandex,gklab.ru
ПНООЛР,Yandex,ecopromcentr.ru
ПНООЛР,Yandex,ecoprofi.ru
ПНООЛР,Yandex,ecostandardgroup.ru
ПНООЛР,Yandex,glavgp.ru
ПНООЛР,Yandex,sot1.ru
ПНООЛР,Yandex,rusnipineft.ru
ПНООЛР,Yandex,ecologynorm.ru
ПНООЛР,Yandex,1eco-r.ru
ПНООЛР,Google,consultant.ru
ПНООЛР,Google,asergroup.ru
ПНООЛР,Google,ecopromcentr.ru
ПНООЛР,Google,rpn.gov.ru
ПНООЛР,Google,serconsrus.ru
ПНООЛР,Google,journal.ecostandard.ru
ПНООЛР,Google,ekologicheskoe-proektirovanie.ru
ПНООЛР,Google,ecolusspb.ru
ПНООЛР,Google,kubaneco.ru
ПНООЛР,Google,srg-eco.ru
ПНООЛР,Google,fcao.ru
ПНООЛР,Google,tehnoexpert.ru
ПНООЛР,Google,texoboronexpert.ru
ПНООЛР,Google,sangik.ru
ПНООЛР,Google,mirecologa.ru
ПНООЛР,Google,ecobatman.ru
ПНООЛР,Google,gisp.gov.ru
НДС,Yandex,nalog.gov.ru
НДС,Yandex,taxcom.ru
НДС,Yandex,businessmens.ru
НДС,Yandex,partner.market.yandex.ru
НДС,Yandex,sberbank.ru
НДС,Yandex,calc.consultant.ru
НДС,Yandex,kontur.ru
НДС,Yandex,b-kontur.ru
НДС,Yandex,kontur-extern.ru
НДС,Yandex,yabs.yandex.ru
ПЭК,Yandex,yabs.yandex.ru
ПЭК,Yandex,pecom.ru
ПЭК,Yandex,yandex.ru
ПЭК,Yandex,m.ok.ru
ПЭК,Yandex,zoon.ru
ПЭК,Yandex,calculator-dostavki.ru
ПЭК,Yandex,2gis.ru
КЭР,Yandex,consultant.ru
КЭР,Yandex,ecostandardgroup.ru
КЭР,Yandex,gisp.gov.ru
КЭР,Yandex,rpn.gov.ru
КЭР,Yandex,texoboronexpert.ru
КЭР,Yandex,flor-eco.ru
КЭР,Yandex,kvadriga-eco.ru
КЭР,Yandex,triadacompany.ru
КЭР,Yandex,journal.ecostandard.ru
КЭР,Yandex,yabs.yandex.ru
ЗСО,Yandex,yabs.yandex.ru
ЗСО,Yandex,vegaslex.ru
ЗСО,Yandex,zso.ru
ЗСО,Yandex,trudohrana.ru
ЗСО,Yandex,profiz.ru
ЗСО,Yandex,base.garant.ru
ЗСО,Yandex,40.rospotrebnadzor.ru
ЗСО,Yandex,triadacompany.ru
ЗСО,Yandex,ecopromcentr.ru
Инвентаризация источников выбросов,Yandex,yabs.yandex.ru
Инвентаризация источников выбросов,Yandex,rosecos.ru
Инвентаризация источников выбросов,Yandex,consultant.ru
Инвентаризация источников выбросов,Yandex,normativ.kontur.ru
Инвентаризация источников выбросов,Yandex,journal.ecostandard.ru
Инвентаризация источников выбросов,Yandex,garant.ru
Инвентаризация источников выбросов,Yandex,rpn.gov.ru
Инвентаризация источников выбросов,Yandex,sudact.ru
Инвентаризация источников выбросов,Yandex,docs.cntd.ru
ДВОС,Yandex,yabs.yandex.ru
ДВОС,Yandex,ecopromcentr.ru
ДВОС,Yandex,rpn.gov.ru
ДВОС,Yandex,consultant.ru
ДВОС,Yandex,glavgp.ru
ДВОС,Yandex,docs.cntd.ru
ДВОС,Yandex,texoboronexpert.ru
ДВОС,Yandex,support.kontur.ru
ДВОС,Yandex,journal.ecostandard.ru
ДВОС,Yandex,gk-rte.ru
ИЭИ,Yandex,socionics.ru
ИЭИ,Yandex,socionikann.ru
ИЭИ,Yandex,modernsocionics.ru
ИЭИ,Yandex,stanislaw.ru
ИЭИ,Yandex,vasilysmirnov.ru
ИЭИ,Yandex,dzen.ru
Шаблон базы,Yandex,postgrespro.ru
Шаблон базы,Yandex,ichip.ru
Шаблон базы,Yandex,edt.1c.ru
Шаблон базы,Yandex,spravochnick.ru
Шаблон базы,Yandex,yabs.yandex.ru
База:,Yandex,yabs.yandex.ru
База:,Yandex,practicum.yandex.ru
База:,Yandex,dzen.ru
База:,Yandex,skillbox.ru
База:,Yandex,gb.ru
База:,Yandex,blog.skillfactory.ru
Наименование,Yandex,kartaslov.ru
Наименование,Yandex,gramota.ru
Наименование,Yandex,dic.academic.ru
Наименование,Yandex,otvet.mail.ru
Наименование,Yandex,wordhelp.ru
Наименование,Yandex,spravochnick.ru
Наименование,Yandex,bolshoyvopros.ru
Наименование,Yandex,herzena.ru
